{
  "exportedBy": null,
  "bundleHash": null,
  "version": "1.0.0.0",
  "jitAssemblyCompilerCommands": [
    {
      "providerName": "CustomEntities",
      "bundleOptions": {
        "hash": "1842918517",
        "bundleName": "ExtendedExtractionResultsForDocumentData.InvoicesJapan",
        "entitiesBundle": {
          "Types": {
            "Items": {
              "name": "Items",
              "properties": [
                {
                  "name": "明細行番号",
                  "type": {
                    "ClrType": "UiPath.IntelligentOCR.StudioWeb.Activities.DataExtraction.ExtractedFieldNoMultivalues`1[[System.String, System.Private.CoreLib]], UiPath.IntelligentOCR.StudioWeb.Activities"
                  }
                },
                {
                  "name": "明細品番",
                  "type": {
                    "ClrType": "UiPath.IntelligentOCR.StudioWeb.Activities.DataExtraction.ExtractedFieldNoMultivalues`1[[System.String, System.Private.CoreLib]], UiPath.IntelligentOCR.StudioWeb.Activities"
                  }
                },
                {
                  "name": "明細摘要",
                  "type": {
                    "ClrType": "UiPath.IntelligentOCR.StudioWeb.Activities.DataExtraction.ExtractedFieldNoMultivalues`1[[System.String, System.Private.CoreLib]], UiPath.IntelligentOCR.StudioWeb.Activities"
                  }
                },
                {
                  "name": "明細数量",
                  "type": {
                    "ClrType": "UiPath.IntelligentOCR.StudioWeb.Activities.DataExtraction.ExtractedFieldNoMultivalues`1[[System.Nullable`1[[System.Double, System.Private.CoreLib]], System.Private.CoreLib]], UiPath.IntelligentOCR.StudioWeb.Activities"
                  }
                },
                {
                  "name": "明細単価",
                  "type": {
                    "ClrType": "UiPath.IntelligentOCR.StudioWeb.Activities.DataExtraction.ExtractedFieldNoMultivalues`1[[System.Nullable`1[[System.Double, System.Private.CoreLib]], System.Private.CoreLib]], UiPath.IntelligentOCR.StudioWeb.Activities"
                  }
                },
                {
                  "name": "明細行の小計",
                  "type": {
                    "ClrType": "UiPath.IntelligentOCR.StudioWeb.Activities.DataExtraction.ExtractedFieldNoMultivalues`1[[System.Nullable`1[[System.Double, System.Private.CoreLib]], System.Private.CoreLib]], UiPath.IntelligentOCR.StudioWeb.Activities"
                  }
                },
                {
                  "name": "明細行の税額",
                  "type": {
                    "ClrType": "UiPath.IntelligentOCR.StudioWeb.Activities.DataExtraction.ExtractedFieldNoMultivalues`1[[System.Nullable`1[[System.Double, System.Private.CoreLib]], System.Private.CoreLib]], UiPath.IntelligentOCR.StudioWeb.Activities"
                  }
                },
                {
                  "name": "明細行の割引額",
                  "type": {
                    "ClrType": "UiPath.IntelligentOCR.StudioWeb.Activities.DataExtraction.ExtractedFieldNoMultivalues`1[[System.Nullable`1[[System.Double, System.Private.CoreLib]], System.Private.CoreLib]], UiPath.IntelligentOCR.StudioWeb.Activities"
                  }
                },
                {
                  "name": "明細行の金額",
                  "type": {
                    "ClrType": "UiPath.IntelligentOCR.StudioWeb.Activities.DataExtraction.ExtractedFieldNoMultivalues`1[[System.Nullable`1[[System.Double, System.Private.CoreLib]], System.Private.CoreLib]], UiPath.IntelligentOCR.StudioWeb.Activities"
                  }
                },
                {
                  "name": "明細行の注文番号",
                  "type": {
                    "ClrType": "UiPath.IntelligentOCR.StudioWeb.Activities.DataExtraction.ExtractedFieldNoMultivalues`1[[System.String, System.Private.CoreLib]], UiPath.IntelligentOCR.StudioWeb.Activities"
                  }
                }
              ],
              "baseType": {
                "ClrType": "UiPath.IntelligentOCR.StudioWeb.Activities.DataExtraction.ExtendedExtractionResultsForDocumentData, UiPath.IntelligentOCR.StudioWeb.Activities"
              },
              "generateChangeNotifications": true
            },
            "InvoicesJapan": {
              "name": "InvoicesJapan",
              "properties": [
                {
                  "name": "請求元会社名",
                  "type": {
                    "ClrType": "UiPath.IntelligentOCR.StudioWeb.Activities.DataExtraction.ExtractedField`1[[System.String, System.Private.CoreLib]], UiPath.IntelligentOCR.StudioWeb.Activities"
                  }
                },
                {
                  "name": "請求元住所",
                  "type": {
                    "ClrType": "UiPath.IntelligentOCR.StudioWeb.Activities.DataExtraction.ExtractedField`1[[System.String, System.Private.CoreLib]], UiPath.IntelligentOCR.StudioWeb.Activities"
                  }
                },
                {
                  "name": "請求先会社名",
                  "type": {
                    "ClrType": "UiPath.IntelligentOCR.StudioWeb.Activities.DataExtraction.ExtractedField`1[[System.String, System.Private.CoreLib]], UiPath.IntelligentOCR.StudioWeb.Activities"
                  }
                },
                {
                  "name": "請求先住所",
                  "type": {
                    "ClrType": "UiPath.IntelligentOCR.StudioWeb.Activities.DataExtraction.ExtractedField`1[[System.String, System.Private.CoreLib]], UiPath.IntelligentOCR.StudioWeb.Activities"
                  }
                },
                {
                  "name": "請求元電話番号",
                  "type": {
                    "ClrType": "UiPath.IntelligentOCR.StudioWeb.Activities.DataExtraction.ExtractedField`1[[System.String, System.Private.CoreLib]], UiPath.IntelligentOCR.StudioWeb.Activities"
                  }
                },
                {
                  "name": "請求元FAX番号",
                  "type": {
                    "ClrType": "UiPath.IntelligentOCR.StudioWeb.Activities.DataExtraction.ExtractedField`1[[System.String, System.Private.CoreLib]], UiPath.IntelligentOCR.StudioWeb.Activities"
                  }
                },
                {
                  "name": "請求元メールアドレス",
                  "type": {
                    "ClrType": "UiPath.IntelligentOCR.StudioWeb.Activities.DataExtraction.ExtractedField`1[[System.String, System.Private.CoreLib]], UiPath.IntelligentOCR.StudioWeb.Activities"
                  }
                },
                {
                  "name": "請求書番号",
                  "type": {
                    "ClrType": "UiPath.IntelligentOCR.StudioWeb.Activities.DataExtraction.ExtractedField`1[[System.String, System.Private.CoreLib]], UiPath.IntelligentOCR.StudioWeb.Activities"
                  }
                },
                {
                  "name": "登録番号",
                  "type": {
                    "ClrType": "UiPath.IntelligentOCR.StudioWeb.Activities.DataExtraction.ExtractedField`1[[System.String, System.Private.CoreLib]], UiPath.IntelligentOCR.StudioWeb.Activities"
                  }
                },
                {
                  "name": "注文書番号",
                  "type": {
                    "ClrType": "UiPath.IntelligentOCR.StudioWeb.Activities.DataExtraction.ExtractedField`1[[System.String, System.Private.CoreLib]], UiPath.IntelligentOCR.StudioWeb.Activities"
                  }
                },
                {
                  "name": "請求日",
                  "type": {
                    "ClrType": "UiPath.IntelligentOCR.StudioWeb.Activities.DataExtraction.ExtractedField`1[[System.Nullable`1[[System.DateTime, System.Private.CoreLib]], System.Private.CoreLib]], UiPath.IntelligentOCR.StudioWeb.Activities"
                  }
                },
                {
                  "name": "支払期日",
                  "type": {
                    "ClrType": "UiPath.IntelligentOCR.StudioWeb.Activities.DataExtraction.ExtractedField`1[[System.Nullable`1[[System.DateTime, System.Private.CoreLib]], System.Private.CoreLib]], UiPath.IntelligentOCR.StudioWeb.Activities"
                  }
                },
                {
                  "name": "支払条件",
                  "type": {
                    "ClrType": "UiPath.IntelligentOCR.StudioWeb.Activities.DataExtraction.ExtractedField`1[[System.String, System.Private.CoreLib]], UiPath.IntelligentOCR.StudioWeb.Activities"
                  }
                },
                {
                  "name": "支払先住所",
                  "type": {
                    "ClrType": "UiPath.IntelligentOCR.StudioWeb.Activities.DataExtraction.ExtractedField`1[[System.String, System.Private.CoreLib]], UiPath.IntelligentOCR.StudioWeb.Activities"
                  }
                },
                {
                  "name": "配送先住所",
                  "type": {
                    "ClrType": "UiPath.IntelligentOCR.StudioWeb.Activities.DataExtraction.ExtractedField`1[[System.String, System.Private.CoreLib]], UiPath.IntelligentOCR.StudioWeb.Activities"
                  }
                },
                {
                  "name": "発送日",
                  "type": {
                    "ClrType": "UiPath.IntelligentOCR.StudioWeb.Activities.DataExtraction.ExtractedField`1[[System.String, System.Private.CoreLib]], UiPath.IntelligentOCR.StudioWeb.Activities"
                  }
                },
                {
                  "name": "配送方法",
                  "type": {
                    "ClrType": "UiPath.IntelligentOCR.StudioWeb.Activities.DataExtraction.ExtractedField`1[[System.String, System.Private.CoreLib]], UiPath.IntelligentOCR.StudioWeb.Activities"
                  }
                },
                {
                  "name": "小計",
                  "type": {
                    "ClrType": "UiPath.IntelligentOCR.StudioWeb.Activities.DataExtraction.ExtractedField`1[[System.Nullable`1[[System.Double, System.Private.CoreLib]], System.Private.CoreLib]], UiPath.IntelligentOCR.StudioWeb.Activities"
                  }
                },
                {
                  "name": "税率",
                  "type": {
                    "ClrType": "UiPath.IntelligentOCR.StudioWeb.Activities.DataExtraction.ExtractedField`1[[System.String, System.Private.CoreLib]], UiPath.IntelligentOCR.StudioWeb.Activities"
                  }
                },
                {
                  "name": "税額",
                  "type": {
                    "ClrType": "UiPath.IntelligentOCR.StudioWeb.Activities.DataExtraction.ExtractedField`1[[System.Nullable`1[[System.Double, System.Private.CoreLib]], System.Private.CoreLib]], UiPath.IntelligentOCR.StudioWeb.Activities"
                  }
                },
                {
                  "name": "割引",
                  "type": {
                    "ClrType": "UiPath.IntelligentOCR.StudioWeb.Activities.DataExtraction.ExtractedField`1[[System.Nullable`1[[System.Double, System.Private.CoreLib]], System.Private.CoreLib]], UiPath.IntelligentOCR.StudioWeb.Activities"
                  }
                },
                {
                  "name": "送料",
                  "type": {
                    "ClrType": "UiPath.IntelligentOCR.StudioWeb.Activities.DataExtraction.ExtractedField`1[[System.Nullable`1[[System.Double, System.Private.CoreLib]], System.Private.CoreLib]], UiPath.IntelligentOCR.StudioWeb.Activities"
                  }
                },
                {
                  "name": "合計金額",
                  "type": {
                    "ClrType": "UiPath.IntelligentOCR.StudioWeb.Activities.DataExtraction.ExtractedField`1[[System.Nullable`1[[System.Double, System.Private.CoreLib]], System.Private.CoreLib]], UiPath.IntelligentOCR.StudioWeb.Activities"
                  }
                },
                {
                  "name": "銀行名",
                  "type": {
                    "ClrType": "UiPath.IntelligentOCR.StudioWeb.Activities.DataExtraction.ExtractedField`1[[System.String, System.Private.CoreLib]], UiPath.IntelligentOCR.StudioWeb.Activities"
                  }
                },
                {
                  "name": "銀行口座番号",
                  "type": {
                    "ClrType": "UiPath.IntelligentOCR.StudioWeb.Activities.DataExtraction.ExtractedField`1[[System.String, System.Private.CoreLib]], UiPath.IntelligentOCR.StudioWeb.Activities"
                  }
                },
                {
                  "name": "銀行支店名",
                  "type": {
                    "ClrType": "UiPath.IntelligentOCR.StudioWeb.Activities.DataExtraction.ExtractedField`1[[System.String, System.Private.CoreLib]], UiPath.IntelligentOCR.StudioWeb.Activities"
                  }
                },
                {
                  "name": "銀行支店番号",
                  "type": {
                    "ClrType": "UiPath.IntelligentOCR.StudioWeb.Activities.DataExtraction.ExtractedField`1[[System.String, System.Private.CoreLib]], UiPath.IntelligentOCR.StudioWeb.Activities"
                  }
                },
                {
                  "name": "銀行預金種別",
                  "type": {
                    "ClrType": "UiPath.IntelligentOCR.StudioWeb.Activities.DataExtraction.ExtractedField`1[[System.String, System.Private.CoreLib]], UiPath.IntelligentOCR.StudioWeb.Activities"
                  }
                },
                {
                  "name": "銀行口座名義",
                  "type": {
                    "ClrType": "UiPath.IntelligentOCR.StudioWeb.Activities.DataExtraction.ExtractedField`1[[System.String, System.Private.CoreLib]], UiPath.IntelligentOCR.StudioWeb.Activities"
                  }
                },
                {
                  "name": "Items",
                  "type": {
                    "definitionName": "Items"
                  },
                  "isCollection": true
                }
              ],
              "baseType": {
                "ClrType": "UiPath.IntelligentOCR.StudioWeb.Activities.DataExtraction.ExtendedExtractionResultsForDocumentData, UiPath.IntelligentOCR.StudioWeb.Activities"
              },
              "generateChangeNotifications": true
            }
          },
          "version": 1
        }
      },
      "entityAssemblyKey": {
        "name": "UiPath.IntelligentOCR.StudioWeb.Activities.SWEntities.ExtendedExtractionResultsForDocumentData.InvoicesJapan",
        "hash": "MTg0MjkxODUxNw",
        "assemblyName": "ExtendedExtractionRe.CbtTH3nIWKI1BPndc4WVeET2"
      }
    },
    {
      "providerName": "CustomEntities",
      "bundleOptions": {
        "hash": "684224162",
        "bundleName": "CustomGptDocumentTypeBef91076Efb442458B40D62Dc9D5F798",
        "entitiesBundle": {
          "Types": {
            "CustomGptDocumentTypeBef91076Efb442458B40D62Dc9D5F798": {
              "name": "CustomGptDocumentTypeBef91076Efb442458B40D62Dc9D5F798",
              "properties": [
                {
                  "name": "Prompt1",
                  "type": {
                    "ClrType": "UiPath.IntelligentOCR.StudioWeb.Activities.DataExtraction.ExtractedField`1[[System.String, System.Private.CoreLib]], UiPath.IntelligentOCR.StudioWeb.Activities"
                  }
                },
                {
                  "name": "Prompt2",
                  "type": {
                    "ClrType": "UiPath.IntelligentOCR.StudioWeb.Activities.DataExtraction.ExtractedField`1[[System.String, System.Private.CoreLib]], UiPath.IntelligentOCR.StudioWeb.Activities"
                  }
                },
                {
                  "name": "Prompt3",
                  "type": {
                    "ClrType": "UiPath.IntelligentOCR.StudioWeb.Activities.DataExtraction.ExtractedField`1[[System.String, System.Private.CoreLib]], UiPath.IntelligentOCR.StudioWeb.Activities"
                  }
                }
              ],
              "baseType": {
                "ClrType": "UiPath.IntelligentOCR.StudioWeb.Activities.DataExtraction.ExtendedExtractionResultsForDocumentData, UiPath.IntelligentOCR.StudioWeb.Activities"
              },
              "generateChangeNotifications": true
            }
          },
          "version": 1
        }
      },
      "entityAssemblyKey": {
        "name": "UiPath.IntelligentOCR.StudioWeb.Activities.SWEntities.CustomGptDocumentTypeBef91076Efb442458B40D62Dc9D5F798",
        "hash": "Njg0MjI0MTYy",
        "assemblyName": "CustomGptDocumentTyp.Eg7dc2fNMUM1iffGeC89kz"
      }
    }
  ]
}