{
  "assemblyStates": {
    "ExtendedExtractionRe.CbtTH3nIWKI1BPndc4WVeET2": {
      "namespace": "UiPath.IntelligentOCR.StudioWeb.Activities.SWEntities.ExtendedExtractionResultsForDocumentData.InvoicesJapan.Bundle",
      "providerName": "CustomEntities",
      "key": {
        "name": "UiPath.IntelligentOCR.StudioWeb.Activities.SWEntities.ExtendedExtractionResultsForDocumentData.InvoicesJapan",
        "hash": "MTg0MjkxODUxNw",
        "assemblyName": "ExtendedExtractionRe.CbtTH3nIWKI1BPndc4WVeET2"
      }
    },
    "CustomGptDocumentTyp.Eg7dc2fNMUM1iffGeC89kz": {
      "namespace": "UiPath.IntelligentOCR.StudioWeb.Activities.SWEntities.CustomGptDocumentTypeBef91076Efb442458B40D62Dc9D5F798.Bundle",
      "providerName": "CustomEntities",
      "key": {
        "name": "UiPath.IntelligentOCR.StudioWeb.Activities.SWEntities.CustomGptDocumentTypeBef91076Efb442458B40D62Dc9D5F798",
        "hash": "Njg0MjI0MTYy",
        "assemblyName": "CustomGptDocumentTyp.Eg7dc2fNMUM1iffGeC89kz"
      }
    }
  }
}