{"ProjectBreakpoints":"{\"Value\":{},\"CodeBreakpoints\":{}}","OpenedDocuments":"[{\"DocumentPath\":\"Main.xaml\",\"FactoryId\":\"{ACB8E7BA-F093-44C1-9B50-33ECA51AAE16}\"}]","ProjectActivitiesViewState":"{\"Main.xaml\":[{\"ActivityIdRef\":\"ExtractDocumentDataWithDocumentData`1_1\",\"IsAdvancedOptionsExpanded\":false,\"Categories\":{\"Input\":true,\"Output\":true},\"Widgets\":{}},{\"ActivityIdRef\":\"ForEach`1_1\",\"IsAdvancedOptionsExpanded\":false,\"Categories\":{\"\":true},\"Widgets\":{\"Body\":{\"ShowExpanded\":true}}},{\"ActivityIdRef\":\"ConnectorActivity_1\",\"IsAdvancedOptionsExpanded\":false,\"Widgets\":{}},{\"ActivityIdRef\":\"LogMessage_1\",\"IsAdvancedOptionsExpanded\":false,\"Widgets\":{}},{\"ActivityIdRef\":\"ForEachRow_1\",\"IsAdvancedOptionsExpanded\":false,\"Categories\":{\"\":true},\"Widgets\":{\"Body\":{\"ShowExpanded\":true}}},{\"ActivityIdRef\":\"DeserializeJson`1_1\",\"IsAdvancedOptionsExpanded\":false,\"Categories\":{\"Input\":true,\"Output\":true},\"Widgets\":{}},{\"ActivityIdRef\":\"WriteLine_1\",\"IsAdvancedOptionsExpanded\":false,\"Widgets\":{}}]}","Compiler":"2","ProjectWatches":"{\"Value\":[]}"}